Goal,total_shots,mean_xg,mean_distance
0,11263,0.08876400744958714,20.029672167036157
1,1603,0.3128913853580786,13.154090924717252
