total_shots,total_goals,goal_rate,mean_xg,mean_distance
12866,1603,0.12459194776931447,0.11668847401163532,19.17303010800948
